Workbook

Sheet Обзор
A1: Moodle МАРГУ — аналитический отчет по тестированию | B1: Moodle МАРГУ — аналитический отчет по тестированию | C1: Moodle МАРГУ — аналитический отчет по тестированию | D1: Moodle МАРГУ — аналитический отчет по тестированию | E1: Moodle МАРГУ — аналитический отчет по тестированию | F1: Moodle МАРГУ — аналитический отчет по тестированию | G1: Moodle МАРГУ — аналитический отчет по тестированию | H1: Moodle МАРГУ — аналитический отчет по тестированию
A3: Что содержит книга | B3: Что содержит книга | C3: Что содержит книга | D3: Что содержит книга | F3: Справка по данным Moodle | G3: Справка по данным Moodle | H3: Справка по данным Moodle
A4: Лист | B4: Назначение | C4: Уровень | D4: Примечание | F4: Категория | G4: Что фиксируется | H4: Смысл
A5: Сырые попытки | B5: Все попытки студентов | C5: Университет | D5: Одна строка = одна попытка | F5: Попытка | G5: id, quiz, userid, attempt, timestart, timefinish, sumgrades | H5: Время, итог и идентификаторы
A6: Ответы по вопросам | B6: Детализация по вопросам | C6: Университет | D6: Одна строка = один вопрос | F6: Тест | G6: course, name, intro, timeopen, timeclose, timelimit | H6: Настройки теста
A7: Сводка студента | B7: Агрегация по студенту | C7: Студент | D7: Пример по выбранному студенту | F7: Вопрос | G7: questionid, text, answer, fraction | H7: Ответы по каждому вопросу
A8: Сводка университета | B8: Общие KPI и распределения | C8: Университет | D8: Формулы и диаграмма | F8: Логи | G8: timecreated, eventname, ip | H8: Поведение пользователя во время тестирования
A10: KPI | B10: Формула | C10: Значение | D10: Описание | F10: Распределение | G10: Формула | H10: Значение
A11: Студентов | B11: =COUNTA(UNIQUE('Сырые попытки'!B2:B9)) -> 1 | C11: =COUNTA(UNIQUE('Сырые попытки'!B2:B9)) -> 1 | D11: Уникальные студенты | F11: 0–69% | G11: =COUNTIFS('Сырые попытки'!Q2:Q9,">=0",'Сырые попытки'!Q2:Q9,"<70") -> 2 | H11: =COUNTIFS('Сырые попытки'!Q2:Q9,">=0",'Сырые попытки'!Q2:Q9,"<70") -> 2
A12: Попыток | B12: =COUNTA('Сырые попытки'!A2:A9) -> 8 | C12: =COUNTA('Сырые попытки'!A2:A9) -> 8 | D12: Всего попыток | F12: 70–79% | G12: =COUNTIFS('Сырые попытки'!Q2:Q9,">=70",'Сырые попытки'!Q2:Q9,"<80") -> 2 | H12: =COUNTIFS('Сырые попытки'!Q2:Q9,">=70",'Сырые попытки'!Q2:Q9,"<80") -> 2
A13: Средний процент | B13: =AVERAGE('Сырые попытки'!Q2:Q9) -> 78.625 | C13: =AVERAGE('Сырые попытки'!Q2:Q9) -> 78.625 | D13: Средний результат | F13: 80–89% | G13: =COUNTIFS('Сырые попытки'!Q2:Q9,">=80",'Сырые попытки'!Q2:Q9,"<90") -> 3 | H13: =COUNTIFS('Сырые попытки'!Q2:Q9,">=80",'Сырые попытки'!Q2:Q9,"<90") -> 3
F14: 90–100% | G14: =COUNTIFS('Сырые попытки'!Q2:Q9,">=90") -> 1 | H14: =COUNTIFS('Сырые попытки'!Q2:Q9,">=90") -> 1

Sheet Сырые попытки
A1: attempt_id | B1: student_id | C1: surname | D1: name | E1: faculty | F1: group | G1: course_id | H1: course_name | I1: quiz_id | J1: quiz_name | K1: attempt_no | L1: start_time | M1: finish_time | N1: duration_sec | O1: raw_score | P1: max_score | Q1: percent | R1: result | S1: correct_answers
A2: 1001 | B2: 1001 | C2: Морозова | D2: Анна | E2: ФИТ | F2: ИКТ-21 | G2: 301 | H2: Информатика | I2: 501 | J2: Основы Python | K2: 1 | L2: 46113.375 | M2: 46113.381 | N2: 540 | O2: 84 | P2: 100 | Q2: 84 | R2: Сдано | S2: 2
A3: 1002 | B3: 1001 | C3: Морозова | D3: Анна | E3: ФИТ | F3: ИКТ-21 | G3: 302 | H3: Базы данных | I3: 502 | J3: SQL и запросы | K3: 1 | L3: 46114.375 | M3: 46114.383 | N3: 720 | O3: 77 | P3: 100 | Q3: 77 | R3: Сдано | S3: 1
A4: 1003 | B4: 1002 | C4: Иванов | D4: Даниил | E4: ФИМ | F4: МАТ-22 | G4: 303 | H4: Математика | I4: 503 | J4: Линейная алгебра | K4: 1 | L4: 46114.417 | M4: 46114.421 | N4: 360 | O4: 69 | P4: 100 | Q4: 69 | R4: Не сдано | S4: 0
A5: 1004 | B5: 1002 | C5: Иванов | D5: Даниил | E5: ФИМ | F5: МАТ-22 | G5: 304 | H5: Математика | I5: 503 | J5: Линейная алгебра | K5: 2 | L5: 46116.375 | M5: 46116.381 | N5: 480 | O5: 88 | P5: 100 | Q5: 88 | R5: Сдано | S5: 2
A6: 1005 | B6: 1003 | C6: Смирнова | D6: Екатерина | E6: ФИТ | F6: ИКТ-22 | G6: 301 | H6: Информатика | I6: 501 | J6: Основы Python | K6: 1 | L6: 46115.375 | M6: 46115.383 | N6: 660 | O6: 91 | P6: 100 | Q6: 91 | R6: Сдано | S6: 2
A7: 1006 | B7: 1003 | C7: Смирнова | D7: Екатерина | E7: ФИТ | F7: ИКТ-22 | G7: 302 | H7: Базы данных | I7: 502 | J7: SQL и запросы | K7: 1 | L7: 46117.375 | M7: 46117.385 | N7: 840 | O7: 65 | P7: 100 | Q7: 65 | R7: Не сдано | S7: 1
A8: 1007 | B8: 1004 | C8: Кузнецова | D8: Мария | E8: ИЭУ | F8: ЭК-23 | G8: 305 | H8: Экономика | I8: 504 | J8: Макроэкономика | K8: 1 | L8: 46115.458 | M8: 46115.465 | N8: 600 | O8: 73 | P8: 100 | Q8: 73 | R8: Сдано | S8: 1
A9: 1008 | B9: 1004 | C9: Кузнецова | D9: Мария | E9: ИЭУ | F9: ЭК-23 | G9: 305 | H9: Экономика | I9: 505 | J9: Микроэкономика | K9: 1 | L9: 46118.375 | M9: 46118.38 | N9: 420 | O9: 82 | P9: 100 | Q9: 82 | R9: Сдано | S9: 2

Sheet Ответы по вопросам
A1: attempt_id | B1: question_no | C1: question_text | D1: question_type | E1: student_answer | F1: correct_answer | G1: is_correct | H1: question_score
A2: 1001 | B2: 1 | C2: Что делает функция print() в Python? | D2: multichoice | E2: Выводит текст на экран | F2: Выводит текст на экран | G2: 1 | H2: 1
A3: 1001 | B3: 2 | C3: Какой оператор используется для сравнения в Python? | D3: multichoice | G3: 1 | H3: 1
A4: 1001 | B4: 3 | C4: Как создать список в Python? | D4: multichoice | E4: [1, 2, 3] | F4: [1, 2, 3] | G4: 1 | H4: 1
A5: 1002 | B5: 1 | C5: Что возвращает SELECT COUNT(*)? | D5: multichoice | E5: Количество строк | F5: Количество строк | G5: 1 | H5: 1
A6: 1002 | B6: 2 | C6: Какая команда выбирает все поля? | D6: multichoice | E6: SELECT * | F6: SELECT * | G6: 1 | H6: 1
A7: 1003 | B7: 1 | C7: Что такое матрица? | D7: multichoice | E7: Таблица чисел | F7: Таблица чисел | G7: 1 | H7: 1
A8: 1003 | B8: 2 | C8: Что показывает определитель? | D8: multichoice | E8: Свойства матрицы | F8: Свойства матрицы | G8: 0 | H8: 1
A9: 1004 | B9: 1 | C9: Что такое векторное пространство? | D9: multichoice | E9: Набор векторов | F9: Набор векторов | G9: 1 | H9: 1
A10: 1005 | B10: 1 | C10: Как объявить переменную в Python? | D10: multichoice | E10: x = 5 | F10: x = 5 | G10: 1 | H10: 1
A11: 1005 | B11: 2 | C11: Что такое список? | D11: multichoice | E11: Изменяемая последовательность | F11: Изменяемая последовательность | G11: 1 | H11: 1
A12: 1006 | B12: 1 | C12: Что такое внешний ключ? | D12: multichoice | E12: Связь между таблицами | F12: Связь между таблицами | G12: 1 | H12: 1
A13: 1006 | B13: 2 | C13: Что делает JOIN? | D13: multichoice | E13: Объединяет таблицы | F13: Объединяет таблицы | G13: 0 | H13: 1
A14: 1007 | B14: 1 | C14: Что изучает макроэкономика? | D14: multichoice | E14: Экономику в целом | F14: Экономику в целом | G14: 1 | H14: 1
A15: 1008 | B15: 1 | C15: Что такое эластичность спроса? | D15: multichoice | E15: Чувствительность спроса | F15: Чувствительность спроса | G15: 1 | H15: 1

Sheet Сводка студента
A1: Сводка по студентам | B1: Сводка по студентам | C1: Сводка по студентам | D1: Сводка по студентам | E1: Сводка по студентам | F1: Сводка по студентам | G1: Сводка по студентам | H1: Сводка по студентам
A3: student_id | B3: ФИО | C3: Факультет | D3: Группа | E3: Попыток | F3: Средний % | G3: Лучший % | H3: Последняя попытка
A4: 1001 | B4: Морозова Анна | C4: ФИТ | D4: ИКТ-21 | E4: =COUNTIF('Сырые попытки'!$B$2:$B$9,A4) -> 2 | F4: =AVERAGEIF('Сырые попытки'!$B$2:$B$9,A4,'Сырые попытки'!$Q$2:$Q$9) -> 80.5 | G4: =MAXIFS('Сырые попытки'!$Q$2:$Q$9,'Сырые попытки'!$B$2:$B$9,A4) -> #NAME? | H4: =MAXIFS('Сырые попытки'!$M$2:$M$9,'Сырые попытки'!$B$2:$B$9,A4) -> #NAME?
A5: 1002 | B5: Иванов Даниил | C5: ФИМ | D5: МАТ-22 | E5: =COUNTIF('Сырые попытки'!$B$2:$B$9,A5) -> 2 | F5: =AVERAGEIF('Сырые попытки'!$B$2:$B$9,A5,'Сырые попытки'!$Q$2:$Q$9) -> 78.5 | G5: =MAXIFS('Сырые попытки'!$Q$2:$Q$9,'Сырые попытки'!$B$2:$B$9,A5) -> #NAME? | H5: =MAXIFS('Сырые попытки'!$M$2:$M$9,'Сырые попытки'!$B$2:$B$9,A5) -> #NAME?
A6: 1003 | B6: Смирнова Екатерина | C6: ФИТ | D6: ИКТ-22 | E6: =COUNTIF('Сырые попытки'!$B$2:$B$9,A6) -> 2 | F6: =AVERAGEIF('Сырые попытки'!$B$2:$B$9,A6,'Сырые попытки'!$Q$2:$Q$9) -> 78 | G6: =MAXIFS('Сырые попытки'!$Q$2:$Q$9,'Сырые попытки'!$B$2:$B$9,A6) -> #NAME? | H6: =MAXIFS('Сырые попытки'!$M$2:$M$9,'Сырые попытки'!$B$2:$B$9,A6) -> #NAME?
A7: 1004 | B7: Кузнецова Мария | C7: ИЭУ | D7: ЭК-23 | E7: =COUNTIF('Сырые попытки'!$B$2:$B$9,A7) -> 2 | F7: =AVERAGEIF('Сырые попытки'!$B$2:$B$9,A7,'Сырые попытки'!$Q$2:$Q$9) -> 77.5 | G7: =MAXIFS('Сырые попытки'!$Q$2:$Q$9,'Сырые попытки'!$B$2:$B$9,A7) -> #NAME? | H7: =MAXIFS('Сырые попытки'!$M$2:$M$9,'Сырые попытки'!$B$2:$B$9,A7) -> #NAME?

Sheet Сводка университета
A1: Сводка уровня университета | B1: Сводка уровня университета | C1: Сводка уровня университета | D1: Сводка уровня университета | E1: Сводка уровня университета | F1: Сводка уровня университета | G1: Сводка уровня университета | H1: Сводка уровня университета
A3: KPI | B3: Формула | C3: Значение | D3: quiz_name | E3: avg_percent | F3: attempts | G3: passed
A4: Уникальные студенты | B4: =COUNTA(UNIQUE('Сырые попытки'!B2:B9)) -> 1 | C4: =COUNTA(UNIQUE('Сырые попытки'!B2:B9)) -> 1 | D4: Основы Python | E4: =AVERAGEIF('Сырые попытки'!$J$2:$J$9,D4,'Сырые попытки'!$Q$2:$Q$9) -> 87.5 | F4: =COUNTIF('Сырые попытки'!$J$2:$J$9,D4) -> 2 | G4: =COUNTIFS('Сырые попытки'!$J$2:$J$9,D4,'Сырые попытки'!$R$2:$R$9,"Сдано") -> 2
A5: Всего попыток | B5: =COUNTA('Сырые попытки'!A2:A9) -> 8 | C5: =COUNTA('Сырые попытки'!A2:A9) -> 8 | D5: SQL и запросы | E5: =AVERAGEIF('Сырые попытки'!$J$2:$J$9,D5,'Сырые попытки'!$Q$2:$Q$9) -> 71 | F5: =COUNTIF('Сырые попытки'!$J$2:$J$9,D5) -> 2 | G5: =COUNTIFS('Сырые попытки'!$J$2:$J$9,D5,'Сырые попытки'!$R$2:$R$9,"Сдано") -> 1
A6: Средний процент | B6: =AVERAGE('Сырые попытки'!Q2:Q9) -> 78.625 | C6: =AVERAGE('Сырые попытки'!Q2:Q9) -> 78.625 | D6: Линейная алгебра | E6: =AVERAGEIF('Сырые попытки'!$J$2:$J$9,D6,'Сырые попытки'!$Q$2:$Q$9) -> 78.5 | F6: =COUNTIF('Сырые попытки'!$J$2:$J$9,D6) -> 2 | G6: =COUNTIFS('Сырые попытки'!$J$2:$J$9,D6,'Сырые попытки'!$R$2:$R$9,"Сдано") -> 1
A7: Доля сдавших | B7: =COUNTIF('Сырые попытки'!$R$2:$R$9,"Сдано")/COUNTA('Сырые попытки'!A2:A9) -> 0.75 | C7: =COUNTIF('Сырые попытки'!$R$2:$R$9,"Сдано")/COUNTA('Сырые попытки'!A2:A9) -> 0.75 | D7: Процент успешных попыток
A10: Диапазон | B10: Формула | C10: Значение
A11: 0–69% | B11: =COUNTIFS('Сырые попытки'!Q2:Q9,">=0",'Сырые попытки'!Q2:Q9,"<70") -> 2 | C11: =COUNTIFS('Сырые попытки'!Q2:Q9,">=0",'Сырые попытки'!Q2:Q9,"<70") -> 2
A12: 70–79% | B12: =COUNTIFS('Сырые попытки'!Q2:Q9,">=70",'Сырые попытки'!Q2:Q9,"<80") -> 2 | C12: =COUNTIFS('Сырые попытки'!Q2:Q9,">=70",'Сырые попытки'!Q2:Q9,"<80") -> 2
A13: 80–89% | B13: =COUNTIFS('Сырые попытки'!Q2:Q9,">=80",'Сырые попытки'!Q2:Q9,"<90") -> 3 | C13: =COUNTIFS('Сырые попытки'!Q2:Q9,">=80",'Сырые попытки'!Q2:Q9,"<90") -> 3
A14: 90–100% | B14: =COUNTIFS('Сырые попытки'!Q2:Q9,">=90") -> 1 | C14: =COUNTIFS('Сырые попытки'!Q2:Q9,">=90") -> 1
A15: Всего | B15: =SUM(C11:C14) -> 8 | C15: =SUM(C11:C14) -> 8

Sheet Восстановл_Лист1
A1: Индивидуальный отчет: Морозова Анна (student_id 1001) | B1: Индивидуальный отчет: Морозова Анна (student_id 1001) | C1: Индивидуальный отчет: Морозова Анна (student_id 1001) | D1: Индивидуальный отчет: Морозова Анна (student_id 1001) | E1: Индивидуальный отчет: Морозова Анна (student_id 1001) | F1: Индивидуальный отчет: Морозова Анна (student_id 1001) | G1: Индивидуальный отчет: Морозова Анна (student_id 1001) | H1: Индивидуальный отчет: Морозова Анна (student_id 1001)
A3: Показатель | B3: Формула | C3: Значение | D3: Комментарий
A4: Попыток | B4: =COUNTIF('Сырые попытки'!$B$2:$B$9,1001) -> 2 | C4: =COUNTIF('Сырые попытки'!$B$2:$B$9,1001) -> 2 | D4: Все попытки студентки
A5: Средний % | B5: =AVERAGEIF('Сырые попытки'!$B$2:$B$9,1001,'Сырые попытки'!$Q$2:$Q$9) -> 80.5 | C5: =AVERAGEIF('Сырые попытки'!$B$2:$B$9,1001,'Сырые попытки'!$Q$2:$Q$9) -> 80.5 | D5: Средний результат
A6: Лучшая попытка | B6: =MAXIFS('Сырые попытки'!$Q$2:$Q$9,'Сырые попытки'!$B$2:$B$9,1001) -> #NAME? | C6: =MAXIFS('Сырые попытки'!$Q$2:$Q$9,'Сырые попытки'!$B$2:$B$9,1001) -> #NAME? | D6: Максимальный процент
A7: Дата последней попытки | B7: =MAXIFS('Сырые попытки'!$M$2:$M$9,'Сырые попытки'!$B$2:$B$9,1001) -> #NAME? | C7: =MAXIFS('Сырые попытки'!$M$2:$M$9,'Сырые попытки'!$B$2:$B$9,1001) -> #NAME? | D7: Последнее завершение
A8: Последний курс | B8: =XLOOKUP(MAXIFS('Сырые попытки'!$A$2:$A$9,'Сырые попытки'!$B$2:$B$9,1001),'Сырые попытки'!$A$2:$A$9,'Сырые попытки'!$H$2:$H$9) -> #NAME? | C8: =XLOOKUP(MAXIFS('Сырые попытки'!$A$2:$A$9,'Сырые попытки'!$B$2:$B$9,1001),'Сырые попытки'!$A$2:$A$9,'Сырые попытки'!$H$2:$H$9) -> #NAME? | D8: Курс последней попытки
A11: Дата | B11: Курс | C11: Тест | D11: Попытка | E11: Результат | F11: %
A12: 46113.381 | B12: Информатика | C12: Основы Python | D12: 1 | E12: Сдано | F12: 84
A13: 46114.383 | B13: Базы данных | C13: SQL и запросы | D13: 1 | E13: Сдано | F13: 77
