Workbook

Sheet Сырые попытки
A1: attempt_id | B1: student_id | C1: surname | D1: name | E1: faculty | F1: group | G1: course_id | H1: course_name | I1: quiz_id | J1: quiz_name | K1: attempt_no | L1: start_time | M1: finish_time | N1: duration_sec | O1: raw_score | P1: max_score | Q1: percent | R1: result | S1: correct_answers
A2: 2000 | B2: 3000 | C2: Михайлов | D2: Елена | E2: ФИЗМАТ | F2: ХИМ-41 | G2: 721 | H2: Деловое общение | I2: 488 | J2: Тест по теме 12 | K2: 2 | L2: 45862.524 | M2: 45862.528 | N2: 299 | O2: 61 | P2: 96 | Q2: 54.157039 | R2: Сдано | S2: 15
A3: 2001 | B3: 3001 | C3: Беляев | D3: Елена | E3: ФКУЛ | F3: ЭК-32 | G3: 666 | H3: Экономические исследования | I3: 500 | J3: Тест по теме 9 | K3: 3 | L3: 45740.631 | M3: 45740.633 | N3: 188 | O3: 76 | P3: 71 | Q3: 33.097247 | R3: Сдано | S3: 38
A4: 2002 | B4: 3002 | C4: Крылов | D4: Андрей | E4: ФИЗМАТ | F4: ФИЛ-43 | G4: 442 | H4: Сетевые модели и оптимизационные алгоритмы в экономике | I4: 615 | J4: Тест по теме 10 | K4: 2 | L4: 45732.94 | M4: 45732.94 | N4: 66 | O4: 54 | P4: 63 | Q4: 23.393744 | R4: Сдано | S4: 36
A5: 2003 | B5: 3003 | C5: Смирнов | D5: Алина | E5: ФКС | F5: ЛИНГ-11 | G5: 284 | H5: Теория вероятностей и математическая статистика | I5: 209 | J5: Тест по теме 35 | K5: 2 | L5: 45667.794 | M5: 45667.8 | N5: 541 | O5: 68 | P5: 80 | Q5: 92.544287 | R5: Сдано | S5: 41
A6: 2004 | B6: 3004 | C6: Громов | D6: Андрей | E6: ЭК | F6: ХИМ-14 | G6: 720 | H6: Деловое общение | I6: 374 | J6: Тест по теме 27 | K6: 1 | L6: 45971.538 | M6: 45971.541 | N6: 259 | O6: 74 | P6: 53 | Q6: 43.228716 | R6: Сдано | S6: 44
A7: 2005 | B7: 3005 | C7: Новиков | D7: Светлана | E7: ФГН | F7: ФИЛ-22 | G7: 818 | H7: Математический анализ | I7: 656 | J7: Тест по теме 33 | K7: 3 | L7: 45937.745 | M7: 45937.747 | N7: 154 | O7: 6 | P7: 59 | Q7: 34.472248 | R7: Не сдано | S7: 36
A8: 2006 | B8: 3006 | C8: Крылов | D8: Юлия | E8: ФИЗМАТ | F8: ПМИ-34 | G8: 381 | H8: Стандартизация, сертификация и управление качеством ПО | I8: 740 | J8: Тест по теме 23 | K8: 3 | L8: 45863.858 | M8: 45863.86 | N8: 187 | O8: 74 | P8: 90 | Q8: 38.702559 | R8: Сдано | S8: 40
A9: 2007 | B9: 3007 | C9: Егоров | D9: Юлия | E9: ФГН | F9: ЮР-41 | G9: 537 | H9: Сетевые модели и оптимизационные алгоритмы в экономике | I9: 798 | J9: Тест по теме 40 | K9: 2 | L9: 45769.914 | M9: 45769.916 | N9: 174 | O9: 2 | P9: 74 | Q9: 16.405895 | R9: Не сдано | S9: 17
A10: 2008 | B10: 3008 | C10: Иванов | D10: Наталья | E10: ФБИ | F10: ХИМ-41 | G10: 404 | H10: Бухгалтерский управленческий учет | I10: 634 | J10: Тест по теме 33 | K10: 1 | L10: 45741.965 | M10: 45741.971 | N10: 502 | O10: 94 | P10: 81 | Q10: 73.731826 | R10: Сдано | S10: 39
A11: 2009 | B11: 3009 | C11: Зайцев | D11: Дмитрий | E11: ФКС | F11: ПМИ-34 | G11: 943 | H11: Философия | I11: 692 | J11: Тест по теме 23 | K11: 3 | L11: 45783.958 | M11: 45783.965 | N11: 598 | O11: 7 | P11: 51 | Q11: 100 | R11: Не сдано | S11: 20
A12: 2010 | B12: 3010 | C12: Васильев | D12: Николай | E12: ФКС | F12: ИВТ-14 | G12: 147 | H12: Технологии блокчейн | I12: 926 | J12: Тест по теме 7 | K12: 2 | L12: 45951.867 | M12: 45951.869 | N12: 85 | O12: 84 | P12: 81 | Q12: 25.98812 | R12: Сдано | S12: 12
A13: 2011 | B13: 3011 | C13: Сидоров | D13: Татьяна | E13: ФБИ | F13: ФИЛ-43 | G13: 141 | H13: Теория вероятностей и математическая статистика | I13: 841 | J13: Тест по теме 16 | K13: 1 | L13: 45818.826 | M13: 45818.83 | N13: 381 | O13: 70 | P13: 66 | Q13: 67.876691 | R13: Сдано | S13: 6
... A501: 2499 | B501: 3499 | C501: Фёдоров | D501: Ольга | E501: ФИЗМАТ | F501: ПСИХ-44 | G501: 481 | H501: Цифровая культура | I501: 608 | J501: Тест по теме 17 | K501: 2 | L501: 45660.691 | M501: 45660.692 | N501: 80 | O501: 90 | P501: 69 | Q501: 23.513912 | R501: Сдано | S501: 6

Sheet Обзор
A1: Moodle МАРГУ — аналитический отчет по тестированию | B1: Moodle МАРГУ — аналитический отчет по тестированию | C1: Moodle МАРГУ — аналитический отчет по тестированию | D1: Moodle МАРГУ — аналитический отчет по тестированию | E1: Moodle МАРГУ — аналитический отчет по тестированию | F1: Moodle МАРГУ — аналитический отчет по тестированию | G1: Moodle МАРГУ — аналитический отчет по тестированию | H1: Moodle МАРГУ — аналитический отчет по тестированию
A3: Что содержит книга | B3: Что содержит книга | C3: Что содержит книга | D3: Что содержит книга | F3: Справка по данным Moodle | G3: Справка по данным Moodle | H3: Справка по данным Moodle
A4: Лист | B4: Назначение | C4: Уровень | D4: Примечание | F4: Категория | G4: Что фиксируется | H4: Смысл
A5: Сырые попытки | B5: Все попытки студентов | C5: Университет | D5: Одна строка = одна попытка | F5: Попытка | G5: id, quiz, userid, attempt, timestart, timefinish, sumgrades | H5: Время, итог и идентификаторы
A6: Ответы по вопросам | B6: Детализация по вопросам | C6: Университет | D6: Одна строка = один вопрос | F6: Тест | G6: course, name, intro, timeopen, timeclose, timelimit | H6: Настройки теста
A7: Сводка студента | B7: Агрегация по студенту | C7: Студент | D7: Пример по выбранному студенту | F7: Вопрос | G7: questionid, text, answer, fraction | H7: Ответы по каждому вопросу
A8: Сводка университета | B8: Общие KPI и распределения | C8: Университет | D8: Формулы и диаграмма | F8: Логи | G8: timecreated, eventname, ip | H8: Поведение пользователя во время тестирования
A10: KPI | B10: Формула | C10: Значение | D10: Описание | F10: Распределение | G10: Формула | H10: Значение
A11: Студентов | B11: =COUNTA(UNIQUE('Сырые попытки'!B2:B1048576)) -> 1 | C11: =COUNTA(UNIQUE('Сырые попытки'!B2:B1048576)) -> 1 | D11: Уникальные студенты | F11: 0–69% | G11: =COUNTIFS('Сырые попытки'!#REF!,">=0",'Сырые попытки'!#REF!,"<70") -> #REF! | H11: =COUNTIFS('Сырые попытки'!#REF!,">=0",'Сырые попытки'!#REF!,"<70") -> #REF!
A12: Попыток | B12: =COUNTA('Сырые попытки'!A2:A1048576) -> 500 | C12: =COUNTA('Сырые попытки'!A2:A1048576) -> 500 | D12: Всего попыток | F12: 70–79% | G12: =COUNTIFS('Сырые попытки'!#REF!,">=70",'Сырые попытки'!#REF!,"<80") -> #REF! | H12: =COUNTIFS('Сырые попытки'!#REF!,">=70",'Сырые попытки'!#REF!,"<80") -> #REF!
A13: Средний процент | B13: =AVERAGE('Сырые попытки'!#REF!) -> #REF! | C13: =AVERAGE('Сырые попытки'!#REF!) -> #REF! | D13: Средний результат | F13: 80–89% | G13: =COUNTIFS('Сырые попытки'!#REF!,">=80",'Сырые попытки'!#REF!,"<90") -> #REF! | H13: =COUNTIFS('Сырые попытки'!#REF!,">=80",'Сырые попытки'!#REF!,"<90") -> #REF!
F14: 90–100% | G14: =COUNTIFS('Сырые попытки'!#REF!,">=90") -> #REF! | H14: =COUNTIFS('Сырые попытки'!#REF!,">=90") -> #REF!

Sheet Ответы по вопросам
A1: attempt_id | B1: question_no | C1: question_text | D1: question_type | E1: student_answer | F1: correct_answer | G1: is_correct | H1: question_score
A2: 1001 | B2: 1 | C2: Что делает функция print() в Python? | D2: multichoice | E2: Выводит текст на экран | F2: Выводит текст на экран | G2: 1 | H2: 1
A3: 1001 | B3: 2 | C3: Какой оператор используется для сравнения в Python? | D3: multichoice | G3: 1 | H3: 1
A4: 1001 | B4: 3 | C4: Как создать список в Python? | D4: multichoice | E4: [1, 2, 3] | F4: [1, 2, 3] | G4: 1 | H4: 1
A5: 1002 | B5: 1 | C5: Что возвращает SELECT COUNT(*)? | D5: multichoice | E5: Количество строк | F5: Количество строк | G5: 1 | H5: 1
A6: 1002 | B6: 2 | C6: Какая команда выбирает все поля? | D6: multichoice | E6: SELECT * | F6: SELECT * | G6: 1 | H6: 1
A7: 1003 | B7: 1 | C7: Что такое матрица? | D7: multichoice | E7: Таблица чисел | F7: Таблица чисел | G7: 1 | H7: 1
A8: 1003 | B8: 2 | C8: Что показывает определитель? | D8: multichoice | E8: Свойства матрицы | F8: Свойства матрицы | G8: 0 | H8: 1
A9: 1004 | B9: 1 | C9: Что такое векторное пространство? | D9: multichoice | E9: Набор векторов | F9: Набор векторов | G9: 1 | H9: 1
A10: 1005 | B10: 1 | C10: Как объявить переменную в Python? | D10: multichoice | E10: x = 5 | F10: x = 5 | G10: 1 | H10: 1
A11: 1005 | B11: 2 | C11: Что такое список? | D11: multichoice | E11: Изменяемая последовательность | F11: Изменяемая последовательность | G11: 1 | H11: 1
A12: 1006 | B12: 1 | C12: Что такое внешний ключ? | D12: multichoice | E12: Связь между таблицами | F12: Связь между таблицами | G12: 1 | H12: 1
A13: 1006 | B13: 2 | C13: Что делает JOIN? | D13: multichoice | E13: Объединяет таблицы | F13: Объединяет таблицы | G13: 0 | H13: 1
A14: 1007 | B14: 1 | C14: Что изучает макроэкономика? | D14: multichoice | E14: Экономику в целом | F14: Экономику в целом | G14: 1 | H14: 1
A15: 1008 | B15: 1 | C15: Что такое эластичность спроса? | D15: multichoice | E15: Чувствительность спроса | F15: Чувствительность спроса | G15: 1 | H15: 1

Sheet Сводка студента
A1: Сводка по студентам | B1: Сводка по студентам | C1: Сводка по студентам | D1: Сводка по студентам | E1: Сводка по студентам | F1: Сводка по студентам | G1: Сводка по студентам | H1: Сводка по студентам
A3: student_id | B3: ФИО | C3: Факультет | D3: Группа | E3: Попыток | F3: Средний % | G3: Лучший % | H3: Последняя попытка
A4: 1001 | B4: Морозова Анна | C4: ФИТ | D4: ИКТ-21 | E4: =COUNTIF('Сырые попытки'!$B$2:$B$1048576,A4) -> 0 | F4: =AVERAGEIF('Сырые попытки'!$B$2:$B$1048576,A4,'Сырые попытки'!#REF!) -> #REF! | G4: =MAXIFS('Сырые попытки'!#REF!,'Сырые попытки'!$B$2:$B$1048576,A4) -> #NAME? | H4: =MAXIFS('Сырые попытки'!$M$2:$M$1048576,'Сырые попытки'!$B$2:$B$1048576,A4) -> #NAME?
A5: 1002 | B5: Иванов Даниил | C5: ФИМ | D5: МАТ-22 | E5: =COUNTIF('Сырые попытки'!$B$2:$B$1048576,A5) -> 0 | F5: =AVERAGEIF('Сырые попытки'!$B$2:$B$1048576,A5,'Сырые попытки'!#REF!) -> #REF! | G5: =MAXIFS('Сырые попытки'!#REF!,'Сырые попытки'!$B$2:$B$1048576,A5) -> #NAME? | H5: =MAXIFS('Сырые попытки'!$M$2:$M$1048576,'Сырые попытки'!$B$2:$B$1048576,A5) -> #NAME?
A6: 1003 | B6: Смирнова Екатерина | C6: ФИТ | D6: ИКТ-22 | E6: =COUNTIF('Сырые попытки'!$B$2:$B$1048576,A6) -> 0 | F6: =AVERAGEIF('Сырые попытки'!$B$2:$B$1048576,A6,'Сырые попытки'!#REF!) -> #REF! | G6: =MAXIFS('Сырые попытки'!#REF!,'Сырые попытки'!$B$2:$B$1048576,A6) -> #NAME? | H6: =MAXIFS('Сырые попытки'!$M$2:$M$1048576,'Сырые попытки'!$B$2:$B$1048576,A6) -> #NAME?
A7: 1004 | B7: Кузнецова Мария | C7: ИЭУ | D7: ЭК-23 | E7: =COUNTIF('Сырые попытки'!$B$2:$B$1048576,A7) -> 0 | F7: =AVERAGEIF('Сырые попытки'!$B$2:$B$1048576,A7,'Сырые попытки'!#REF!) -> #REF! | G7: =MAXIFS('Сырые попытки'!#REF!,'Сырые попытки'!$B$2:$B$1048576,A7) -> #NAME? | H7: =MAXIFS('Сырые попытки'!$M$2:$M$1048576,'Сырые попытки'!$B$2:$B$1048576,A7) -> #NAME?

Sheet Сводка университета
A1: Сводка уровня университета | B1: Сводка уровня университета | C1: Сводка уровня университета | D1: Сводка уровня университета | E1: Сводка уровня университета | F1: Сводка уровня университета | G1: Сводка уровня университета | H1: Сводка уровня университета
A3: KPI | B3: Формула | C3: Значение | D3: quiz_name | E3: avg_percent | F3: attempts | G3: passed
A4: Уникальные студенты | B4: =COUNTA(UNIQUE('Сырые попытки'!B2:B1048576)) -> 1 | C4: =COUNTA(UNIQUE('Сырые попытки'!B2:B1048576)) -> 1 | D4: Основы Python | E4: =AVERAGEIF('Сырые попытки'!$J$2:$J$1048576,D4,'Сырые попытки'!#REF!) -> #REF! | F4: =COUNTIF('Сырые попытки'!$J$2:$J$1048576,D4) -> 0 | G4: =COUNTIFS('Сырые попытки'!$J$2:$J$1048576,D4,'Сырые попытки'!$R$2:$R$1048576,"Сдано") -> 0
A5: Всего попыток | B5: =COUNTA('Сырые попытки'!A2:A1048576) -> 500 | C5: =COUNTA('Сырые попытки'!A2:A1048576) -> 500 | D5: SQL и запросы | E5: =AVERAGEIF('Сырые попытки'!$J$2:$J$1048576,D5,'Сырые попытки'!#REF!) -> #REF! | F5: =COUNTIF('Сырые попытки'!$J$2:$J$1048576,D5) -> 0 | G5: =COUNTIFS('Сырые попытки'!$J$2:$J$1048576,D5,'Сырые попытки'!$R$2:$R$1048576,"Сдано") -> 0
A6: Средний процент | B6: =AVERAGE('Сырые попытки'!#REF!) -> #REF! | C6: =AVERAGE('Сырые попытки'!#REF!) -> #REF! | D6: Линейная алгебра | E6: =AVERAGEIF('Сырые попытки'!$J$2:$J$1048576,D6,'Сырые попытки'!#REF!) -> #REF! | F6: =COUNTIF('Сырые попытки'!$J$2:$J$1048576,D6) -> 0 | G6: =COUNTIFS('Сырые попытки'!$J$2:$J$1048576,D6,'Сырые попытки'!$R$2:$R$1048576,"Сдано") -> 0
A7: Доля сдавших | B7: =COUNTIF('Сырые попытки'!$R$2:$R$1048576,"Сдано")/COUNTA('Сырые попытки'!A2:A1048576) -> 0.524 | C7: =COUNTIF('Сырые попытки'!$R$2:$R$1048576,"Сдано")/COUNTA('Сырые попытки'!A2:A1048576) -> 0.524 | D7: Процент успешных попыток
A10: Диапазон | B10: Формула | C10: Значение
A11: 0–69% | B11: =COUNTIFS('Сырые попытки'!#REF!,">=0",'Сырые попытки'!#REF!,"<70") -> #REF! | C11: =COUNTIFS('Сырые попытки'!#REF!,">=0",'Сырые попытки'!#REF!,"<70") -> #REF!
A12: 70–79% | B12: =COUNTIFS('Сырые попытки'!#REF!,">=70",'Сырые попытки'!#REF!,"<80") -> #REF! | C12: =COUNTIFS('Сырые попытки'!#REF!,">=70",'Сырые попытки'!#REF!,"<80") -> #REF!
A13: 80–89% | B13: =COUNTIFS('Сырые попытки'!#REF!,">=80",'Сырые попытки'!#REF!,"<90") -> #REF! | C13: =COUNTIFS('Сырые попытки'!#REF!,">=80",'Сырые попытки'!#REF!,"<90") -> #REF!
A14: 90–100% | B14: =COUNTIFS('Сырые попытки'!#REF!,">=90") -> #REF! | C14: =COUNTIFS('Сырые попытки'!#REF!,">=90") -> #REF!
A15: Всего | B15: =SUM(C11:C14) -> #REF! | C15: =SUM(C11:C14) -> #REF!

Sheet Восстановл_Лист1
A1: Индивидуальный отчет: Морозова Анна (student_id 1001) | B1: Индивидуальный отчет: Морозова Анна (student_id 1001) | C1: Индивидуальный отчет: Морозова Анна (student_id 1001) | D1: Индивидуальный отчет: Морозова Анна (student_id 1001) | E1: Индивидуальный отчет: Морозова Анна (student_id 1001) | F1: Индивидуальный отчет: Морозова Анна (student_id 1001) | G1: Индивидуальный отчет: Морозова Анна (student_id 1001) | H1: Индивидуальный отчет: Морозова Анна (student_id 1001)
A3: Показатель | B3: Формула | C3: Значение | D3: Комментарий
A4: Попыток | B4: =COUNTIF('Сырые попытки'!$B$2:$B$1048576,1001) -> 0 | C4: =COUNTIF('Сырые попытки'!$B$2:$B$1048576,1001) -> 0 | D4: Все попытки студентки
A5: Средний % | B5: =AVERAGEIF('Сырые попытки'!$B$2:$B$1048576,1001,'Сырые попытки'!#REF!) -> #REF! | C5: =AVERAGEIF('Сырые попытки'!$B$2:$B$1048576,1001,'Сырые попытки'!#REF!) -> #REF! | D5: Средний результат
A6: Лучшая попытка | B6: =MAXIFS('Сырые попытки'!#REF!,'Сырые попытки'!$B$2:$B$1048576,1001) -> #NAME? | C6: =MAXIFS('Сырые попытки'!#REF!,'Сырые попытки'!$B$2:$B$1048576,1001) -> #NAME? | D6: Максимальный процент
A7: Дата последней попытки | B7: =MAXIFS('Сырые попытки'!$M$2:$M$1048576,'Сырые попытки'!$B$2:$B$1048576,1001) -> #NAME? | C7: =MAXIFS('Сырые попытки'!$M$2:$M$1048576,'Сырые попытки'!$B$2:$B$1048576,1001) -> #NAME? | D7: Последнее завершение
A8: Последний курс | B8: =XLOOKUP(MAXIFS('Сырые попытки'!$A$2:$A$1048576,'Сырые попытки'!$B$2:$B$1048576,1001),'Сырые попытки'!$A$2:$A$1048576,'Сырые попытки'!$H$2:$H$1048576) -> #NAME? | C8: =XLOOKUP(MAXIFS('Сырые попытки'!$A$2:$A$1048576,'Сырые попытки'!$B$2:$B$1048576,1001),'Сырые попытки'!$A$2:$A$1048576,'Сырые попытки'!$H$2:$H$1048576) -> #NAME? | D8: Курс последней попытки
A11: Дата | B11: Курс | C11: Тест | D11: Попытка | E11: Результат | F11: %
A12: 46113.381 | B12: Информатика | C12: Основы Python | D12: 1 | E12: Сдано | F12: 84
A13: 46114.383 | B13: Базы данных | C13: SQL и запросы | D13: 1 | E13: Сдано | F13: 77
